{
  "_description": "Alias de noms historiques de lieux vers leurs noms actuels",
  "aliases": {
    "constantinople": "istanbul",
    "byzance": "istanbul",
    "leningrad": "saint-pétersbourg",
    "petrograd": "saint-pétersbourg",
    "stalingrad": "volgograd",
    "saigon": "hô-chi-minh-ville",
    "peking": "pékin",
    "beijing": "pékin",
    "bombay": "mumbai",
    "madras": "chennai",
    "calcutta": "kolkata",
    "rangoon": "yangon",
    "persia": "iran",
    "perse": "iran",
    "abyssinie": "éthiopie",
    "rhodésie": "zimbabwe",
    "zaire": "république-démocratique-du-congo",
    "ceylan": "sri-lanka",
    "siam": "thaïlande",
    "formose": "taïwan",
    "birmanie": "myanmar",
    "grande-bretagne": "royaume-uni",
    "urss": "russie",
    "union-soviétique": "russie",
    "yougoslavie": "serbie",
    "tchécoslovaquie": "tchéquie",
    "prusse": "allemagne",
    "gaule": "france",
    "lusitanie": "portugal",
    "hispanie": "espagne",
    "britannia": "angleterre",
    "nouvelle-amsterdam": "new-york"
  },
  "historical_regions": {
    "mésopotamie": {"modern": ["irak", "syrie"], "tag": "geo\\asie\\mésopotamie"},
    "levant": {"modern": ["liban", "syrie", "israël", "palestine", "jordanie"], "tag": "geo\\asie\\levant"},
    "anatolie": {"modern": ["turquie"], "tag": "geo\\asie\\anatolie"},
    "nubie": {"modern": ["soudan", "égypte-sud"], "tag": "geo\\afrique\\nubie"},
    "gaule": {"modern": ["france", "belgique", "suisse"], "tag": "geo\\europe\\gaule"},
    "germanie": {"modern": ["allemagne", "autriche", "suisse"], "tag": "geo\\europe\\germanie"},
    "pannonie": {"modern": ["hongrie", "autriche"], "tag": "geo\\europe\\pannonie"},
    "dacie": {"modern": ["roumanie"], "tag": "geo\\europe\\dacie"},
    "illyrie": {"modern": ["balkans-ouest"], "tag": "geo\\europe\\illyrie"},
    "thrace": {"modern": ["bulgarie", "turquie-europe", "grèce-nord"], "tag": "geo\\europe\\thrace"}
  }
}
